,R billion,Compensation_of_employees,Goods_and_services,Capital_spending_and_transfers,Current_transfersand_subsidies,Interest_payments,total
0,Basic education,274.9,36.5,12.0,35.1,0.0,358.6
1,Post-school education and training,16.6,3.6,2.4,133.2,0.0,155.8
2,"Arts, culture, sport and recreation",5.1,4.0,0.8,2.9,0.0,12.9
3,Health,200.0,89.2,13.7,7.5,0.0,310.4
4,Social protection,19.2,10.1,0.8,300.3,0.0,330.5
5,Social security funds,7.8,9.2,1.3,89.0,0.2,107.6
6,Public sector pensions,0.0,0.0,0.0,8.5,0.0,8.5
7,Community development,20.6,20.0,109.3,144.1,0.3,294.3
8,Industrialisation and exports,13.8,11.2,5.4,15.3,0.0,45.8
9,Labour affairs and works programmes,4.1,6.8,0.4,2.0,0.0,13.2
10,Economic regulation and infrastructure,29.8,69.7,54.4,2.7,7.4,164.1
11,"Innovation, science and technology",6.6,5.3,2.0,7.5,0.0,21.3
12,Agriculture and rural development,16.0,15.3,2.5,5.6,0.1,39.5
13,Defence and state security,34.9,13.1,1.7,9.6,0.0,59.3
14,Police services,110.5,23.2,3.7,2.8,0.0,140.1
15,Law courts and prisons,43.8,14.1,1.5,1.5,0.0,60.9
16,Home affairs,7.7,4.5,1.1,0.9,0.0,14.3
17,Executive and legislative organs,10.2,6.1,0.3,3.2,0.0,19.8
18,Public administration and fiscal affairs,27.5,18.3,2.4,7.3,0.0,55.4
19,External affairs,3.4,2.5,0.4,2.7,0.2,9.2
20,Payments for financial assets,,,,,,10.8
21,Debt-service costs,,,,,432.4,432.4
22,Contingency reserve,,,,,,5.0

